{
  "path": "Unified_Recursive_Sentience_Theory.tex",
  "unbalanced_braces": [],
  "env_issues": [],
  "math_balance": [],
  "ref_issues": [],
  "cite_issues": [],
  "cmd_arg_issues": [],
  "missing_includes": [],
  "duplicate_labels": [],
  "non_ascii": [
    {
      "pos": 3372,
      "char": "\u2014",
      "code": 8212,
      "severity": "warning"
    },
    {
      "pos": 3430,
      "char": "\u2014",
      "code": 8212,
      "severity": "warning"
    },
    {
      "pos": 8865,
      "char": "\u00e9",
      "code": 233,
      "severity": "warning"
    },
    {
      "pos": 87272,
      "char": "\u00b2",
      "code": 178,
      "severity": "warning"
    },
    {
      "pos": 88642,
      "char": "\u2081",
      "code": 8321,
      "severity": "warning"
    },
    {
      "pos": 88751,
      "char": "\u2082",
      "code": 8322,
      "severity": "warning"
    },
    {
      "pos": 88865,
      "char": "\u2083",
      "code": 8323,
      "severity": "warning"
    },
    {
      "pos": 88993,
      "char": "\u2084",
      "code": 8324,
      "severity": "warning"
    },
    {
      "pos": 96985,
      "char": "\u2013",
      "code": 8211,
      "severity": "warning"
    },
    {
      "pos": 104564,
      "char": "\u00e9",
      "code": 233,
      "severity": "warning"
    },
    {
      "pos": 104628,
      "char": "\u00e9",
      "code": 233,
      "severity": "warning"
    },
    {
      "pos": 104641,
      "char": "\u00e9",
      "code": 233,
      "severity": "warning"
    },
    {
      "pos": 104942,
      "char": "\u00f6",
      "code": 246,
      "severity": "warning"
    },
    {
      "pos": 104961,
      "char": "\u00dc",
      "code": 220,
      "severity": "warning"
    },
    {
      "pos": 104990,
      "char": "\u00e4",
      "code": 228,
      "severity": "warning"
    },
    {
      "pos": 105070,
      "char": "\u00fc",
      "code": 252,
      "severity": "warning"
    },
    {
      "pos": 105156,
      "char": "\u00f6",
      "code": 246,
      "severity": "warning"
    },
    {
      "pos": 105552,
      "char": "\u00e9",
      "code": 233,
      "severity": "warning"
    },
    {
      "pos": 105580,
      "char": "\u00e8",
      "code": 232,
      "severity": "warning"
    },
    {
      "pos": 105609,
      "char": "\u00e9",
      "code": 233,
      "severity": "warning"
    }
  ],
  "code_env_issues": [],
  "fig_tab_issues": [],
  "bib_issues": [],
  "hyperlink_issues": [],
  "custom_cmd_issues": [
    {
      "type": "undefined_command",
      "cmd": "tabcolsep",
      "severity": "warning"
    },
    {
      "type": "undefined_command",
      "cmd": "Omega",
      "severity": "warning"
    },
    {
      "type": "undefined_command",
      "cmd": "phi",
      "severity": "warning"
    },
    {
      "type": "undefined_command",
      "cmd": "usetikzlibrary",
      "severity": "warning"
    },
    {
      "type": "undefined_command",
      "cmd": "pi",
      "severity": "warning"
    },
    {
      "type": "undefined_command",
      "cmd": "Translation",
      "severity": "warning"
    },
    {
      "type": "undefined_command",
      "cmd": "parskip",
      "severity": "warning"
    },
    {
      "type": "undefined_command",
      "cmd": "itemsep",
      "severity": "warning"
    },
    {
      "type": "undefined_command",
      "cmd": "newcommand",
      "severity": "warning"
    },
    {
      "type": "undefined_command",
      "cmd": "sum",
      "severity": "warning"
    },
    {
      "type": "undefined_command",
      "cmd": "thispagestyle",
      "severity": "warning"
    },
    {
      "type": "undefined_command",
      "cmd": "to",
      "severity": "warning"
    },
    {
      "type": "undefined_command",
      "cmd": "frac",
      "severity": "warning"
    },
    {
      "type": "undefined_command",
      "cmd": "nabla",
      "severity": "warning"
    },
    {
      "type": "undefined_command",
      "cmd": "usepackage",
      "severity": "warning"
    },
    {
      "type": "undefined_command",
      "cmd": "Large",
      "severity": "warning"
    },
    {
      "type": "undefined_command",
      "cmd": "arabic",
      "severity": "warning"
    },
    {
      "type": "undefined_command",
      "cmd": "lim",
      "severity": "warning"
    },
    {
      "type": "undefined_command",
      "cmd": "bigotimes",
      "severity": "warning"
    },
    {
      "type": "undefined_command",
      "cmd": "State",
      "severity": "warning"
    },
    {
      "type": "undefined_command",
      "cmd": "circ",
      "severity": "warning"
    },
    {
      "type": "undefined_command",
      "cmd": "neq",
      "severity": "warning"
    },
    {
      "type": "undefined_command",
      "cmd": "endgroup",
      "severity": "warning"
    },
    {
      "type": "undefined_command",
      "cmd": "draw",
      "severity": "warning"
    },
    {
      "type": "undefined_command",
      "cmd": "Recursive",
      "severity": "warning"
    },
    {
      "type": "undefined_command",
      "cmd": "Requirement",
      "severity": "warning"
    },
    {
      "type": "undefined_command",
      "cmd": "eta",
      "severity": "warning"
    },
    {
      "type": "undefined_command",
      "cmd": "titleformat",
      "severity": "warning"
    },
    {
      "type": "undefined_command",
      "cmd": "normalfont",
      "severity": "warning"
    },
    {
      "type": "undefined_command",
      "cmd": "item",
      "severity": "warning"
    },
    {
      "type": "undefined_command",
      "cmd": "Eigen",
      "severity": "warning"
    },
    {
      "type": "undefined_command",
      "cmd": "Sensation",
      "severity": "warning"
    },
    {
      "type": "undefined_command",
      "cmd": "renewcommand",
      "severity": "warning"
    },
    {
      "type": "undefined_command",
      "cmd": "begingroup",
      "severity": "warning"
    },
    {
      "type": "undefined_command",
      "cmd": "def",
      "severity": "warning"
    },
    {
      "type": "undefined_command",
      "cmd": "prod",
      "severity": "warning"
    },
    {
      "type": "undefined_command",
      "cmd": "centering",
      "severity": "warning"
    },
    {
      "type": "undefined_command",
      "cmd": "left",
      "severity": "warning"
    },
    {
      "type": "undefined_command",
      "cmd": "Ethical",
      "severity": "warning"
    },
    {
      "type": "undefined_command",
      "cmd": "date",
      "severity": "warning"
    },
    {
      "type": "undefined_command",
      "cmd": "Foundation",
      "severity": "warning"
    },
    {
      "type": "undefined_command",
      "cmd": "textwidth",
      "severity": "warning"
    },
    {
      "type": "undefined_command",
      "cmd": "Motivation",
      "severity": "warning"
    },
    {
      "type": "undefined_command",
      "cmd": "par",
      "severity": "warning"
    },
    {
      "type": "undefined_command",
      "cmd": "large",
      "severity": "warning"
    },
    {
      "type": "undefined_command",
      "cmd": "Equilibrium",
      "severity": "warning"
    },
    {
      "type": "undefined_command",
      "cmd": "vspace",
      "severity": "warning"
    },
    {
      "type": "undefined_command",
      "cmd": "node",
      "severity": "warning"
    },
    {
      "type": "undefined_command",
      "cmd": "lambda",
      "severity": "warning"
    },
    {
      "type": "undefined_command",
      "cmd": "exp",
      "severity": "warning"
    },
    {
      "type": "undefined_command",
      "cmd": "right",
      "severity": "warning"
    },
    {
      "type": "undefined_command",
      "cmd": "infty",
      "severity": "warning"
    },
    {
      "type": "undefined_command",
      "cmd": "rightarrow",
      "severity": "warning"
    },
    {
      "type": "undefined_command",
      "cmd": "thesection",
      "severity": "warning"
    },
    {
      "type": "undefined_command",
      "cmd": "Emergence",
      "severity": "warning"
    },
    {
      "type": "undefined_command",
      "cmd": "beta",
      "severity": "warning"
    },
    {
      "type": "undefined_command",
      "cmd": "subsubsection",
      "severity": "warning"
    },
    {
      "type": "undefined_command",
      "cmd": "Time",
      "severity": "warning"
    },
    {
      "type": "undefined_command",
      "cmd": "maketitle",
      "severity": "warning"
    },
    {
      "type": "undefined_command",
      "cmd": "omega",
      "severity": "warning"
    },
    {
      "type": "undefined_command",
      "cmd": "Identity",
      "severity": "warning"
    },
    {
      "type": "undefined_command",
      "cmd": "emph",
      "severity": "warning"
    },
    {
      "type": "undefined_command",
      "cmd": "author",
      "severity": "warning"
    },
    {
      "type": "undefined_command",
      "cmd": "Phi",
      "severity": "warning"
    },
    {
      "type": "undefined_command",
      "cmd": "MakeUppercase",
      "severity": "warning"
    },
    {
      "type": "undefined_command",
      "cmd": "hypersetup",
      "severity": "warning"
    },
    {
      "type": "undefined_command",
      "cmd": "makeatletter",
      "severity": "warning"
    },
    {
      "type": "undefined_command",
      "cmd": "thesubsubsection",
      "severity": "warning"
    },
    {
      "type": "undefined_command",
      "cmd": "Information",
      "severity": "warning"
    },
    {
      "type": "undefined_command",
      "cmd": "delta",
      "severity": "warning"
    },
    {
      "type": "undefined_command",
      "cmd": "Persistence",
      "severity": "warning"
    },
    {
      "type": "undefined_command",
      "cmd": "linewidth",
      "severity": "warning"
    },
    {
      "type": "undefined_command",
      "cmd": "sqrt",
      "severity": "warning"
    },
    {
      "type": "undefined_command",
      "cmd": "paragraph",
      "severity": "warning"
    },
    {
      "type": "undefined_command",
      "cmd": "rho",
      "severity": "warning"
    },
    {
      "type": "undefined_command",
      "cmd": "setlength",
      "severity": "warning"
    },
    {
      "type": "undefined_command",
      "cmd": "Learning",
      "severity": "warning"
    },
    {
      "type": "undefined_command",
      "cmd": "tightlist",
      "severity": "warning"
    },
    {
      "type": "undefined_command",
      "cmd": "approx",
      "severity": "warning"
    },
    {
      "type": "undefined_command",
      "cmd": "varepsilon",
      "severity": "warning"
    },
    {
      "type": "undefined_command",
      "cmd": "documentclass",
      "severity": "warning"
    },
    {
      "type": "undefined_command",
      "cmd": "normalsize",
      "severity": "warning"
    },
    {
      "type": "undefined_command",
      "cmd": "exists",
      "severity": "warning"
    },
    {
      "type": "undefined_command",
      "cmd": "sigma",
      "severity": "warning"
    },
    {
      "type": "undefined_command",
      "cmd": "tikzset",
      "severity": "warning"
    },
    {
      "type": "undefined_command",
      "cmd": "hrule",
      "severity": "warning"
    },
    {
      "type": "undefined_command",
      "cmd": "theta",
      "severity": "warning"
    },
    {
      "type": "undefined_command",
      "cmd": "newtheorem",
      "severity": "warning"
    },
    {
      "type": "undefined_command",
      "cmd": "mathbb",
      "severity": "warning"
    },
    {
      "type": "undefined_command",
      "cmd": "title",
      "severity": "warning"
    },
    {
      "type": "undefined_command",
      "cmd": "providecommand",
      "severity": "warning"
    },
    {
      "type": "undefined_command",
      "cmd": "times",
      "severity": "warning"
    },
    {
      "type": "undefined_command",
      "cmd": "alpha",
      "severity": "warning"
    },
    {
      "type": "undefined_command",
      "cmd": "propto",
      "severity": "warning"
    },
    {
      "type": "undefined_command",
      "cmd": "labelenumi",
      "severity": "warning"
    },
    {
      "type": "undefined_command",
      "cmd": "raggedbottom",
      "severity": "warning"
    },
    {
      "type": "undefined_command",
      "cmd": "small",
      "severity": "warning"
    },
    {
      "type": "undefined_command",
      "cmd": "texttt",
      "severity": "warning"
    },
    {
      "type": "undefined_command",
      "cmd": "itshape",
      "severity": "warning"
    },
    {
      "type": "undefined_command",
      "cmd": "scshape",
      "severity": "warning"
    },
    {
      "type": "undefined_command",
      "cmd": "arrow",
      "severity": "warning"
    },
    {
      "type": "undefined_command",
      "cmd": "Psi",
      "severity": "warning"
    },
    {
      "type": "undefined_command",
      "cmd": "ldots",
      "severity": "warning"
    },
    {
      "type": "undefined_command",
      "cmd": "parindent",
      "severity": "warning"
    },
    {
      "type": "undefined_command",
      "cmd": "ttfamily",
      "severity": "warning"
    },
    {
      "type": "undefined_command",
      "cmd": "cdot",
      "severity": "warning"
    },
    {
      "type": "undefined_command",
      "cmd": "thesubsection",
      "severity": "warning"
    },
    {
      "type": "undefined_command",
      "cmd": "epsilon",
      "severity": "warning"
    },
    {
      "type": "undefined_command",
      "cmd": "setlist",
      "severity": "warning"
    },
    {
      "type": "undefined_command",
      "cmd": "textbf",
      "severity": "warning"
    },
    {
      "type": "undefined_command",
      "cmd": "filldraw",
      "severity": "warning"
    },
    {
      "type": "undefined_command",
      "cmd": "text",
      "severity": "warning"
    },
    {
      "type": "undefined_command",
      "cmd": "Synchronizer",
      "severity": "warning"
    },
    {
      "type": "undefined_command",
      "cmd": "Delta",
      "severity": "warning"
    },
    {
      "type": "undefined_command",
      "cmd": "gamma",
      "severity": "warning"
    },
    {
      "type": "undefined_command",
      "cmd": "mathcal",
      "severity": "warning"
    },
    {
      "type": "undefined_command",
      "cmd": "mapsto",
      "severity": "warning"
    },
    {
      "type": "undefined_command",
      "cmd": "geq",
      "severity": "warning"
    },
    {
      "type": "undefined_command",
      "cmd": "lstset",
      "severity": "warning"
    },
    {
      "type": "undefined_command",
      "cmd": "leq",
      "severity": "warning"
    },
    {
      "type": "undefined_command",
      "cmd": "Eigenstates",
      "severity": "warning"
    },
    {
      "type": "undefined_command",
      "cmd": "in",
      "severity": "warning"
    },
    {
      "type": "undefined_command",
      "cmd": "makeatother",
      "severity": "warning"
    },
    {
      "type": "undefined_command",
      "cmd": "foreach",
      "severity": "warning"
    },
    {
      "type": "undefined_command",
      "cmd": "Self",
      "severity": "warning"
    },
    {
      "type": "undefined_command",
      "cmd": "rule",
      "severity": "warning"
    },
    {
      "type": "undefined_command",
      "cmd": "tau",
      "severity": "warning"
    },
    {
      "type": "undefined_command",
      "cmd": "caption",
      "severity": "warning"
    }
  ],
  "summary": {
    "errors": 0,
    "warnings": 148,
    "total_issues": 148
  }
}